{
    "BlockRoot": {
        "Name": "mainStack",
        "BlockType": "stack",
        "Orientation": "Vertical",
        "Items": [
            //header block
            {
                "BlockType": "component",
                "ComponentName": "header_block_Lineup"
            },
            //separator
            {
                "Name": "separator",
                "BlockType": "image",
                "MarginTop": 16,
                "MarginLeft": 4,
                "MarginRight": 4,
                "MarginBottom": 24,
                "Width": "*",
                "Source": "separator.png"
            },
            {
                "BlockType": "Dock",
                "Orientation": "Vertical",
                "Width": "*",
                "Margin": "20,10,10,20",
                "Items": [
                    //
                    //Block for each team
                    {
                        "BlockType": "Dock",
                        "Orientation": "Horizontal",
                        "HorizontalAlignment": "center",
                        "StretchWidth": "True",
                        "MarginBottom": 20,
                        "Items": [
                            
                            {
                                "Name": "LineupStackRow",
                                "BlockType": "Itemstack",
                                "Orientation": "Vertical",
                                "HorizontalAlignment": "Center",
                                "ItemStackOptions": {
                                    "ItemSource": "{Lineups.Teams}",
                                    "Template": {
                                        "BlockType": "component",
                                        "ComponentName": "LineupDriver"
                                    }
                                }
                            },
                        ]
                    },
                    
                    // //Reserve Drivers
                    {
                        "BlockType": "Dock",
                        "RenderIf": "{RenderReserveDriver}",
                        "Orientation": "Horizontal",
                        "MarginBottom": 20,
                        "Items": [
                            {
                                "BlockType": "text",
                                "Orientation": "Horizontal",
                                "HorizontalAlignment": "Center",
                                "MinWidth": 400,
                                "MarginRight": 12,
                                "Source": "[Reserve drivers]",
                                "VerticalAlignment": "Center",
                                "FontName": "{FontNameBold}",
                                "Foreground": "{ForegroundGrey}",
                                "FontSize": "25"
                            }
                        ]
                    },
                    {
                        "BlockType": "Dock",
                        "RenderIf": "{RenderReserveDriver}",
                        "Orientation": "Horizontal",
                        "HorizontalAlignment": "Center",
                        "MarginBottom": 20,
                        "Items": [
                            {
                                "BlockType": "itemstack",
                                "Orientation": "Vertical",
                                "ItemStackOptions": {
                                    "RenderIf": "{RenderReserveDriver}",
                                    "ItemSource": "{Lineups.LineupsReserves}",
                                    "Limit": "{ReserveDriverMax}",
                                    "Template": {
                                        "BlockType": "component",
                                        "ComponentName": "LineupDriverReserve"
                                    }
                                }
                            },
                            {
                                "BlockType": "itemstack",
                                "Orientation": "Vertical",
                                "ItemStackOptions": {
                                    "RenderIf": "{RenderReserveDriver}",
                                    "ItemSource": "{Lineups.LineupsReserves}",
                                    "Limit": "{ReserveDriverMax}",
                                    "IndexStart": "{ReserveDriverMax}",
                                    "Template": {
                                        "BlockType": "component",
                                        "ComponentName": "LineupDriverReserve"
                                    }
                                }
                            }
                        ]
                    }
                ]
            }
        ]
    }
}