{
    "BlockType" : "dock",
    "BackgroundImage": "images/Modern/Row/rowlight.png",
    "Triggers": [
        {
            "Condition": "{ItemIndex, Converter=NumberEquals, Parameter=0}",
            "Property": "BackgroundImage",
            "Value": "images/Modern/Row/rowdark.png"
        }
    ],  
        "Items":
    [
        {                                
                
            "BlockType" : "stack",
            "PaddingLeft" : 4,
            "PaddingRight" : 4,                           
            "HorizontalAlignment": "Center",
            "VerticalAlignment" : "Center",
            "Spacing" : 4,            
            "Items" :[
                {
                    "BlockType" : "image",
                    "RenderIf" : "{Item.PositionJump, Converter=NumberGreater, Parameter=0}",
                    "Source" : "arrow_up.png",
                    "HorizontalAlignment": "Center",
                    "VerticalAlignment" : "Center",
                    "Height" : 12                                                                
                },
                {
                    "BlockType" : "image",
                    "RenderIf" : "{Item.PositionJump, Converter=NumberLess, Parameter=0}",
                    "Source" : "arrow_down.png",
                    "HorizontalAlignment": "Center",
                    "VerticalAlignment" : "Center",
                    "Height" : 12                                                              
                },
                {
                    "BlockType": "text",
                    "RenderIf" : "{Item.PositionJump, Converter=NumberNotEquals, Parameter=0}",
                    "Source": "{Item.PositionJump, Converter=NumberAbs}",                            
                    "HorizontalAlignment": "Center",
                    "VerticalAlignment" : "Center",
                    "FontName": "{FontNameDefault}",
                    "FontSize": 18,
                    "TextOptions": {
                        "HorizontalAlignment": "Center"
                    },
                    "Triggers" : [
                        {
                            "Condition" : "{Item.PositionJump, Converter=NumberGreater, Parameter=0}",
                            "Setters" :
                            [
                                {
                                    "Property" : "Foreground",
                                    "Value" : "#0E8F17"
                                }
                            ]
                        },
                        {
                            "Condition" : "{Item.PositionJump, Converter=NumberLess, Parameter=0}",
                            "Setters" :
                            [
                                {
                                    "Property" : "Foreground",
                                    "Value" : "#9B0909"
                                }
                            ]
                        }
                    ]
                }
            ]                                           
        }
    ]
}