{
    "BlockType": "dock",
    //"Padding": "22, 20",
    "BackgroundImage": "images/Modern/Row/rowlight.png",
    "Items": [
        {
            "BlockType": "text",
            "Source": "{Item.RaceMajorPositionString}",
            "HorizontalAlignment": "Center",
            "VerticalAlignment": "Center",
            "TextOptions": {
                "FontName": "{FontNameDefault}",
                "FontSize": 34,
                "HorizontalAlignment": "Center",
                "Foreground": "{SeasonProgressPositionDefaultForeground}"
            },
            "Triggers": [
                {
                    "Condition": "{Item.IsRaceMajorClassified, Converter=BoolReverse}",
                    "Setters": [
                        {
                            "Property": "FontSize",
                            "Value": 22
                        },
                        {
                            "Property": "Foreground",
                            "Value": "{SeasonProgressPositionNotClassifiedForeground}"
                        }
                    ]
                },
                {
                    "Condition": "{Item.RaceMajorPosition, Converter=NumberLess, Parameter=11}",
                    "Setters": [
                        {
                            "Property": "Foreground",
                            "Value": "{SeasonProgressPositionTop10Foreground}"
                        }
                    ]
                },
                // {
                //     "Condition": "{Item.Position, Converter=NumberLess, Parameter=4}",
                //     "Setters":
                //     [
                //         {
                //             "Property": "Foreground",
                //             "Value": "#DDDD55"
                //         }
                //     ]
                // },
                {
                    "Condition": "{Item.RaceMajorPosition, Converter=NumberEquals, Parameter=1}",
                    "Setters": [
                        {
                            "Property": "Foreground",
                            "Value": "{SeasonProgressPositionTop1Foregound}"
                        }
                    ]
                }
            ]
        }
    ]
}