{
    "Name" : "sticker",
    "BlockType" : "stack",       
    "Padding" : "24,12,24,12",
    "Background": "<bg>", 
    "VerticalAlignment" : "Center",   
    "Spacing" : 28,

    "Items" :
    [
        {
            "Name" : "txt1",
            "BlockType" : "text",
            "Source" : "<header>",
            "VerticalAlignment" : "Center",   
            "Foreground" : "{Foregroundwhithe}",
            "FontSize" : 24           
        },

        {
            "Name" : "txt1",
            "BlockType" : "text",
            "Source" : "<main>",
            "VerticalAlignment" : "Center",   
            "Foreground" : "{Foregroundwhithe}",
            "FontSize" : 36           
        },

        {
            "Name" : "txt1",
            "BlockType" : "text",
            "Source" : "<data>",
            "VerticalAlignment" : "Center",   
            "Foreground" : "{Foregroundwhithe}",
            "FontSize" : 28           
        }
    ]
}