{
    "BlockType": "stack",
    "Orientation": "Vertical",
    "Items": [
        {
            "BlockType": "dock",
            "Orientation": "Horizontal",
            "BackgroundImage": "images/Modern/Row/{Item.Team.Name}_dark.png",
            "Triggers": [
                {
                    "Condition": "{NotF1SeasonOrCustomTeams}",
                    "Property": "BackgroundImage",
                    "Value": "images/Modern/Row/reserve_dark.png"
                }
            ],
            //"Padding": "5, 25, 20, 5",
            "Width": 1180,
            "Height": 172,
            "MarginTop": 0,
            "MarginBottom": 5,
            "Items": [
                //left part number
                {
                    "BlockType": "text",
                    "Width": 40,
                    //"Background": "#cecece",
                    "MarginLeft": 30,
                    "Source": "{Item.Position}",
                    "HorizontalAlignment": "Left",
                    "VerticalAlignment": "Center",
                    "FontName": "{FontNameBold}",
                    "Foreground": "{Foregroundwhithe}",
                    "FontSize": 42
                },
                {
                    "BlockType": "shape",
                    "VerticalAlignment": "Center",
                    "Width": 10,
                    "Height": 75,
                    "Opacity": 100,
                    "ShapeOptions": {
                        "Type": "Rectangle",
                        "Fill": "{Item.Team.Color}"
                    }
                },
                {
                    "BlockType": "stack",
                    "Orientation": "Vertical",
                    "HorizontalAlignment": "Left",
                    "VerticalAlignment": "Center",
                    "Height": 150,
                    "Width": "730",
                    "Items": [
                        {
                            "BlockType": "stack",
                            "Orientation": "Horizontal",
                            "Items": [
                                //Team name
                                {
                                    "BlockType": "text",
                                    "MarginLeft": 18,
                                    "MarginTop": 45,
                                    "Source": "{Item.Team.FullName}",
                                    "HorizontalAlignment": "Left",
                                    "FontName": "{FontNameBold}",
                                    "Foreground": "{Foregroundwhithe}",
                                    "FontSize": 42
                                },
                                //Logo
                                {
                                    "BlockType": "image",
                                    "Height": 48,
                                    "MarginLeft": 5,
                                    "MarginTop": 20,
                                    "VerticalAlignment": "Center",
                                    "ImageOptions": {
                                        "Path": "{Item.Team.LogoPath}",
                                        "VerticalAlignment": "Center"
                                    }
                                }
                            ]
                        }
                    ]
                },
                //points
                {
                    "BlockType": "Stack",
                    "Orientation": "Horizontal",
                    "MarginLeft":20,
                    "MarginTop":0,
                    "Width": "*",
                    "Triggers": [
                        {
                            "Condition": "{NotF1SeasonOrCustomTeams}",
                            "Property": "MarginLeft",
                            "Value": "10"
                        }
                    ],
                    "Items": [
                        {
                            "BlockType": "text",
                            "HorizontalAlignment": "Center",
                            "MarginTop": 110,
                            "Orientation": "Horizontal",
                            "Source": "{Item.Points}",
                            "TextAlignment": "Center",
                            "FontName": "{FontNameBold}",
                            "Foreground": "{ForegroundBlack}",
                            "FontSize": 35
                        },
                        
                        //logo
                        {
                            "BlockType": "image",
                            "RenderIf" :"{NotF1SeasonOrCustomTeams}",
                            "Height": 180,
                            "MarginTop":-15,
                            "MarginLeft": 35, 
                            "ImageOptions": {
                                "Path": "{Item.Team.LogoPath}",
                                "VerticalAlignment": "Center"
                            }
                        }
                    ]
                }
            ]
        }
    ]
}