{
    "FontNameDefault" : "Formula1-Regular",
    "FontNameWide" : "Formula1-Wide",
    "FontNameBold" : "Formula1-Bold",
    "FontSizeDefault" : 20,
    "ForegroundDefault" : "#5C5C5C",    
    "BackgroundDefault" : "#ffffff",
    "HeaderDefault" : "#ed1b24",//#ed1b24
    "RowDefault":   "#FFFFFF",
    
    //margins
    "MarginRoot" : "0, 0, 0, 0",
    "MarginTable" : "0, 20",

    //colors
    "Foregroundwhithe" : "#ffffff",
    "ForegroundBlack" : "#000000",
    "ForegroundGrey":  "#67666e",
    "ForegroundRed":  "#d64143",

    //Team Colors
    "Mercedes" :	"#6cd3bf",
    "Red Bull" :	"#1e5bc6",
    "Ferrari" :	"#ed1c24",
    "Mclaren" :	"#f58020",
    "Alpine" :	"#2293d1",
    "Alpha Tauri": "#4e7c9b",
    "Aston Martin" :"#2d826d",
    "Williams":	"#37bedd",
    "Alfa Romeo":	"#b12039",
    "Haas"	:"#b6babd",


    "ForegroundDarker" : "#a7a7a7",
    "TableColumnHeaderForeground" : "#39383e",
    "PenaltyTimeGameForeground" : "#BB7373",
    "PenaltyTimeStewardsForeground" : "#F03232",
    "FastestLapRaceSelectedForeground" : "#DC46DC",
    "FastestLapRaceStickerBackground" : "#20CC00CC",
    "DriverDayRaceStickerBackground" : "#2000CC00",
    "FastestLapQualSelectedForeground" : "#CC25CC",
    "StandingsPointsForeground" : "#c7c7c7",
    "Standings1stCountForeground" : "#D2B200",
    "Standings2ndCountForeground" : "#AEB6BF",
    "Standings3rdCountForeground" : "#BA957B",
    "StandingsFastestLapCountForeground" : "#C46AC4",
    "StandingsPoleCountForeground" : "#E046E0",
    "StandingsPenaltyPointCountForeground" : "#BC0505",
    "SeasonProgressPositionDefaultForeground" : "#999999",
    "SeasonProgressPositionNotClassifiedForeground" : "#999999",
    "SeasonProgressPositionTop10Foreground" : "#CCCCCC",
    "SeasonProgressPositionTop1Foregound" : "#DDDD11",
    "SeasonProgressPointsForeground" : "#AFAFAF",
    "SeasonProgressPointsZeroForeground" : "#666666",
    "SeasonProgressPointsTopForeground" : "#C2C2C2"




    

}