{
    "BlockRoot": {
        "Name": "mainStack",
        "BlockType": "stack",
        "Margin": "{MarginRoot}",
        "Orientation": "Vertical",
        "Items": [
             //header block
             {
                "BlockType": "component",
                "ComponentName": "header_block_season_stats"
            },

            //separator
            {
                "Name": "separator",
                "BlockType": "image",
                "MarginTop": 16,
                "MarginLeft": 4,
                "MarginRight": 4,
                "MarginBottom": 24,
                "Width": "*",
                "Source": "separator.png"
            },

            //table
            {
                "Name": "mainTable",
                "BlockType": "table",
                "Margin": "{MarginTable}",
                "TableOptions": {
                    "ItemsSource": "{Statistics.Drivers}",
                    "RowSpacing": 12,
                    "ColSpacing": 24,
                    "SeparatorSpace": 12,
                    "GroupSpaceReduction": 12,
                    "HeaderTemplate": {
                        "BlockType": "text",
                        "MarginBottom": 8,
                        "TextOptionsExtern": "tableColumnHeader"
                    },
                    "Columns": [
                        // //position
                        {
                            "Header": "",
                            "Template": {
                                "BlockType": "component",
                                "ComponentName": "position_cell",
                                "ComponentOptions": {
                                    "Vars": {
                                        "position": "{Item.Position}"
                                    }
                                }
                            }
                        },

                        //driver line
                        {
                            "Header": "",
                            "WidthStretch": true,
                            "Template": {
                                "BlockType": "component",
                                "ComponentName": "driver_line_cell"
                            }
                        },

                        //column 0
                        {
                            "Header": "{Statistics.Column0.Header}",
                            "IsSeparator": "{Statistics.Column0.Type, Converter=EnumEquals, Parameter=Separator}",
                            "GroupId": "{Statistics.Column0.GroupId}",
                            "WidthStretch": true,
                            "MarginLeft": 8,
                            "Template": {
                                "BlockType": "component",
                                "Name": "statist",
                                "ComponentOptions": {
                                    "ComponentName": "statistics_cell",
                                    "Vars": {
                                        "data": "Item.Value0"
                                    }
                                }
                            }
                        },

                        //column 1
                        {
                            "Header": "{Statistics.Column1.Header}",
                            "IsSeparator": "{Statistics.Column1.Type, Converter=EnumEquals, Parameter=Separator}",
                            "GroupId": "{Statistics.Column1.GroupId}",
                            "WidthStretch": true,
                            "Template": {
                                "BlockType": "component",
                                "Name": "statist",
                                "ComponentOptions": {
                                    "ComponentName": "statistics_cell",
                                    "Vars": {
                                        "data": "Item.Value1"
                                    }
                                }
                            }
                        },

                        //column 2
                        {
                            "Header": "{Statistics.Column2.Header}",
                            "WidthStretch": true,
                            "IsSeparator": "{Statistics.Column2.Type, Converter=EnumEquals, Parameter=Separator}",
                            "GroupId": "{Statistics.Column2.GroupId}",
                            "Template": {
                                "BlockType": "component",
                                "Name": "statist",
                                "ComponentOptions": {
                                    "ComponentName": "statistics_cell",
                                    "Vars": {
                                        "data": "Item.Value2"
                                    }
                                }
                            }
                        },

                        //column 3
                        {
                            "Header": "{Statistics.Column3.Header}",
                            "WidthStretch": true,
                            "IsSeparator": "{Statistics.Column3.Type, Converter=EnumEquals, Parameter=Separator}",
                            "GroupId": "{Statistics.Column3.GroupId}",
                            "Template": {
                                "BlockType": "component",
                                "Name": "statist",
                                "ComponentOptions": {
                                    "ComponentName": "statistics_cell",
                                    "Vars": {
                                        "data": "Item.Value3"
                                    }
                                }
                            }
                        },

                        //column 4
                        {
                            "Header": "{Statistics.Column4.Header}",
                            "IsSeparator": "{Statistics.Column4.Type, Converter=EnumEquals, Parameter=Separator}",
                            "GroupId": "{Statistics.Column4.GroupId}",
                            "WidthStretch": true,
                            "Template": {
                                "BlockType": "component",
                                "Name": "statist",
                                "ComponentOptions": {
                                    "ComponentName": "statistics_cell",
                                    "Vars": {
                                        "data": "Item.Value4"
                                    }
                                }
                            }
                        },

                        //column 5
                        {
                            "Header": "{Statistics.Column5.Header}",
                            "IsSeparator": "{Statistics.Column5.Type, Converter=EnumEquals, Parameter=Separator}",
                            "GroupId": "{Statistics.Column5.GroupId}",
                            "WidthStretch": true,
                            "Template": {
                                "BlockType": "component",
                                "Name": "statist",
                                "ComponentOptions": {
                                    "ComponentName": "statistics_cell",
                                    "Vars": {
                                        "data": "Item.Value5"
                                    }
                                }
                            }
                        },

                        //column 6
                        {
                            "Header": "{Statistics.Column6.Header}",
                            "IsSeparator": "{Statistics.Column6.Type, Converter=EnumEquals, Parameter=Separator}",
                            "GroupId": "{Statistics.Column6.GroupId}",
                            "WidthStretch": true,
                            "Template": {
                                "BlockType": "component",
                                "Name": "statist",
                                "ComponentOptions": {
                                    "ComponentName": "statistics_cell",
                                    "Vars": {
                                        "data": "Item.Value6"
                                    }
                                }
                            }
                        },

                        //column 7
                        {
                            "Header": "{Statistics.Column7.Header}",
                            "IsSeparator": "{Statistics.Column7.Type, Converter=EnumEquals, Parameter=Separator}",
                            "GroupId": "{Statistics.Column7.GroupId}",
                            "WidthStretch": true,
                            "Template": {
                                "BlockType": "component",
                                "Name": "statist",
                                "ComponentOptions": {
                                    "ComponentName": "statistics_cell",
                                    "Vars": {
                                        "data": "Item.Value7"
                                    }
                                }
                            }
                        },

                        //column 8
                        {
                            "Header": "{Statistics.Column8.Header}",
                            "IsSeparator": "{Statistics.Column8.Type, Converter=EnumEquals, Parameter=Separator}",
                            "GroupId": "{Statistics.Column8.GroupId}",
                            "WidthStretch": true,
                            "Template": {
                                "BlockType": "component",
                                "Name": "statist",
                                "ComponentOptions": {
                                    "ComponentName": "statistics_cell",
                                    "Vars": {
                                        "data": "Item.Value8"
                                    }
                                }
                            }
                        }
                    ]
                }
            },

            //footer
            {
                "BlockType": "dock",
                "Width": "*",
                "Height": "*",
                "Margin": "8, 28, 8, 0",
                "Spacing": 0,
                "Items": [
                    {
                        "BlockType": "text",
                        "Width": "1360",
                        "Foreground": "#85CCCCCC",
                        "Height": "*",
                        "Source": "{Statistics.Description}",
                        "TextOptions": {
                            "FontSize": 16,
                            "Wrap": true,
                            "HorizontalAlignment": "Center"
                        }
                    }
                ]
            }
        ]
    }
}
