{
    "Race" : "Race",
    "Qual" : "Qual",
    "Practice" : "Practice",
    "Round" : "Round",
    "of" : "of",
    "laps" : "laps",
    "min" : "min",
    "Interval" : "Interval",
    "Pen. Time" : "Pen. Time",
    "Fastest Lap" : "Fastest Lap",
    "Stints" : "Stints",
    "Pts" : "Pts",
    "Time" : "Time",
    "Laps" : "Laps",
    "January" : "Jan",
    "February" : "Feb",
    "March" : "Mar",
    "April" : "Apr",
    "May" : "May",
    "June" : "Jun",
    "July" : "Jul",
    "August" : "Aug",
    "September" : "Sep",
    "October" : "Oct",
    "November" : "Nov",
    "December" : "Dec",
    "ROUND": "ROUND",
    "Winner :": "Winner :",
    "PurePaceDescription":"Pure laptime - it's combined time of the best sectors in the race. Each sector (S1, S2, S3) is processing independently,\n30% of the best race sectors of each driver are fully taken into account. The influence of the next 30% on the final result\ndecreases linearly to 0. Only drivers who have driven at least 60% of the race distance are counted.\n\nTyres usage - is the percentage of tyres that have shown sector times that were used in the pure laptime calculation.\n\n\n\nSector performance - it is the efficiency of driving sectors for each driver relative to others. 10 - equals that only driver showed\nall the best sectors. 5 - equals that driver show time corresponding the total average time for all drivers who participate in the rating.\nDuring processing the race distance is divided into 3 segments, and each segment is processed independently, the final result is the\nweighted average of all segments.",
    "Paul Ricard Grand Prix" : "French Grand Prix",
    "Austin Grand Prix" : "United States Grand Prix",
    "Montreal Grand Prix" : "Canadian Grand Prix",
    "Interlagos Grand Prix" : "Grande Premio de Sao Palo",
    "Silverstone Grand Prix" : "British Grand Prix",
    "Hungaroring Grand Prix" : "Hungarian Grand Prix",
    "Monza Grand Prix" : "Gran Premio D'Italia",
    "Yas Marina Grand Prix" : "YasMarina Grand Prix",
    "Barcelona Grand Prix" : "Spanish Grand Prix",
    "Suzuka Grand Prix" : "Japanese Grand Prix",
    "Spielberg Grand Prix" : "Austrian Grand Prix",
    "Zandvoort Grand Prix" : "Dutch Grand Prix",
    "Spa-Francorchamps Grand Prix" : "Belgian Grand Prix",
    "Baku Grand Prix" : "Azerbaijan Grand Prix",
    "Jeddah Grand Prix" : "Saudi Arabian Grand Prix",
    "Shanghai Grand Prix" : "China Grand Prix",
    "Portimão Grand Prix" : "Portimao Grand Prix",
    "Bahrain Grand Prix": "Bahrain Grand Prix",
    "Melbourne Grand Prix": "Australian Grand Prix",
    "Miami Grand Prix": "Miami Grand Prix",
    "Imola Grand Prix": "Imola Grand Prix",
    "Monaco Grand Prix": "Grand Prix De Monaco",
    "Marina Bay Grand Prix": "Singapore Grand Prix",
    "Mexico Grand Prix": "Gran Premio de Mexico",
}