{
    "Line-ups" : "Alignement",
    "Reserve drivers" : "Pilotes de réserve",
    "Race" : "Course",
    "Qual" : "Qual",
    "Practice" : "Practique",
    "Round" : "Étape",
    "of" : "de",
    "laps" : "tours",
    "min" : "min",
    "Interval" : "Intervale",
    "Pen. Time" : "Temps pén.",
    "Fastest Lap" : "Meilleur tour",
    "Stints" : "Relais",
    "Pts" : "Pts",
    "Time" : "Temps",
    "Laps" : "Tours",
    "FASTEST LAP" : "Meilleur Tour",
    "DRIVER OF THE DAY" : "Pilote du jour",
    "Season progress" : "Progression saison",
    "/ positions" : "/ positions",
    "Driver standings": "Classement pilotes",
    "Team standings": "Classement équipes",
    "Bahrain" : "Bahreïn",
    "Portugal": "Portugale",
    "Saudi Arabia" : "Arabie Saoudite",
    "Australia" : "Australie",
    "Emilie Romagne" : "Emilie Romagne",
    "United States" : "États-Unis",
    "United States Of America" : "États-Unis d'amérique",
    "Azerbaijan": "Azerbaïdjan",
    "Spain" : "Espagne",
    "Monaco" : "Monaco",
    "Canada" : "Canada",
    "Britain" : "Grande-Bretagne",
    "Austria" : "Autriche",
    "France" : "France",
    "Hungary" : "Hongrie",
    "Brazil":"Brésil",
    "United Kingdom":"Royaume-Uni",
    "United Arab Emirates":"Émirats arabes unis",
    "Belgium" : "Belgique",
    "Netherlands" : "Pays-Bas",
    "Italy" : "Italie",
    "Singapore" : "Singapour",
    "Japan" : "Japon",
    "Mexico" : "Mexique",
    "São Paulo" : "São Paulo",
    "Abu Dhabi" : "Abu Dhabi",
    "Sakhir" : "Sakhir",
    "Djeddah" : "Djeddah",
    "Melbourne" : "Melbourne",
    "Imola" : "Imola",
    "Miami" : "Miami",
    "Barcelona" : "Barcelone",
    "Bakou" : "Bakou",
    "Montreal" : "Montréal",
    "Silverstone" : "Silverstone",
    "Spielberg" : "Spielberg",
    "Castellet" : "Le Castellet",
    "Budapest" : "Budapest",
    "Spa-Francorchamps" : "Spa-Francorchamps",
    "Zandvoort" : "Zandvoort",
    "Monza" : "Monza",
    "Suzuka" : "Suzuka",
    "Austin" : "Austin",
    "Interlagos/Sao Paulo" : "Interlagos/Sao Paulo",
    "January" : "Jan",
    "February" : "Fév",
    "March" : "Mar",
    "April" : "Avr",
    "May" : "Mai",
    "June" : "Jui",
    "July" : "Jul",
    "August" : "Aôu",
    "September" : "Sep",
    "October" : "Oct",
    "November" : "Nov",
    "December" : "Déc",
    "ROUND": "ÉTAPE",
    "Pure race pace": "Rythme de course pur",
    "Pure time": "Temps au tour pur",
    "Tyres usage":"Utilisitation des pneus",
    "PurePaceDescription":"Temps au tour pur - c'est le temps combiné des meilleurs secteurs de la course. Chaque secteur (S1, S2, S3) est traité indépendamment,\n30% des meilleurs secteurs de course de chaque pilote sont pris en compte.\nL'influence des 30 % suivants sur le résultat final décroît linéairement jusqu'à 0.\nSeul les pilotes ayant parcouru au moins 60% de la distance de course sont comptabilisés.\n\nUtilisation des pneus - est le pourcentage des pneus utilisé dans le calcul du temps au tour pur.\n\nPerformance du secteur - c'est l'efficacité des secteurs de chaque pilote par rapport aux autres.\n 10 signifie que le pilote à fait tous les meilleurs secteurs.\n5 - Correspondant au temps moyen total de tous les pilotes qui participent au classement.\n\nPendant le traitement, la distance de course est divisée en 3 segments, et chaque segment est traité indépendamment,\nle résultat final est la moyenne pondérée de tous les segments.",
    "Consistency rating": "Régularité du rythme",
    "ConsistencyDescription":"La régularité du rythme est basée sur la différence de temps de secteurs entre deux ou trois tours consécutifs. Plus la différence est petite, mieux c'est. 25 % des plus petit écarts sont pris en compte. L'influence des 25 % écarts suivants sur le résultat final diminue linéairement jusqu'à 0. Cela est vrai pour les différences de secteur entre deux tours. La différence entre trois tours consécutifs est également prise en compte (avec un facteur de pondération inférieur à 0,75) et une autre quantité (15 % pour le plus petit et 15 % pour ‘le plus petit écart suivant avec un facteur de pondération décroissant linéairement).\n\nChaque secteur (S1, S2, S3} est traité indépendamment.\nS'il y a une amélioration du temps, alors un coefficient 0,5 est appliqué à la différence, ceci est fait pour récompenser les pilotes qui améliorent souvent leur temps.\n\nDiff moy - c'est la moyenne de secteur de temps entre les secteurs consécutifs traités pour S1, S2, S3.\nLe rythme de régularité montre la régularité de chaque seteurs du pilote par rapport aux autres pilotes.",
    "simple model": "modèle simple",
    "Top battles": "Meilleur batailles",
    "Lap": "Tour",
    "Tyres A": "Pneus A",
    "Tyres B": "Pneus B",
    "Overtake": "Dépassement",
    "Duration": "Durée",
    "Hot duration": "Durée (intense)",
    "Defense rating": "Cote de defense",
    "Attack rating": "Cote d'attaque"
}   